topic;url;views;answers;votes

Scheduled call to a function Failed inside hook;/questions/51821824/scheduled-call-to-a-function-failed-inside-hook;2;0;0

Difference between 2 Float Javascript;/questions/51821823/difference-between-2-float-javascript;4;0;0

How to set root if the response has two arrays in rest assured;/questions/51821822/how-to-set-root-if-the-response-has-two-arrays-in-rest-assured;3;0;0

How shall I build a WebRTC Application using Javascript?;/questions/51821821/how-shall-i-build-a-webrtc-application-using-javascript;2;0;0

Restore database with Mvc;/questions/51821788/restore-database-with-mvc;5;0;0

"throw err; // Rethrow non-MySQL errors node.js when try to run query";/questions/51821816/throw-err-rethrow-non-mysql-errors-node-js-when-try-to-run-query;3;0;0

vs code prettier - adds new line after @Input() decorator in angular;/questions/51821817/vs-code-prettier-adds-new-line-after-input-decorator-in-angular;3;0;0

How to manage AMP-Access-Control-Allow-Source-Origin headers?;/questions/51820547/how-to-manage-amp-access-control-allow-source-origin-headers;7;0;0

Regex: shortest match not happening;/questions/51821815/regex-shortest-match-not-happening;5;0;0

Resume Test cases from last test;/questions/51821813/resume-test-cases-from-last-test;3;0;0

How to add elements to an array using Functional Programming in JavaScript;/questions/51821812/how-to-add-elements-to-an-array-using-functional-programming-in-javascript;4;0;0

Driver Scoring Using R;/questions/51821811/driver-scoring-using-r;5;0;0

Use an svg file created in inkscape as a CSS clip path;/questions/51821809/use-an-svg-file-created-in-inkscape-as-a-css-clip-path;2;0;0

structured streaming write to different parquet folders;/questions/51820270/structured-streaming-write-to-different-parquet-folders;7;0;0

In items.xml how do I make object1 used as attribute in object2 automatically removable after object2 is removed;/questions/51768890/in-items-xml-how-do-i-make-object1-used-as-attribute-in-object2-automatically-re;17;2;0

How can I optimize Highcharts.js zones?;/questions/51821806/how-can-i-optimize-highcharts-js-zones;3;0;0

To implement expand/ collapse on table rows;/questions/51821803/to-implement-expand-collapse-on-table-rows;2;0;0

Get the value of selection option and then use it to search/filter;/questions/51821801/get-the-value-of-selection-option-and-then-use-it-to-search-filter;6;0;0

how to set text to readonly Combo in SWT;/questions/51821800/how-to-set-text-to-readonly-combo-in-swt;3;0;0

Dynamically Extend VueJs Component based on prop;/questions/51821799/dynamically-extend-vuejs-component-based-on-prop;2;0;0

JsonConvert.DeserializeObject function throws errors when parse the obsolete enum properties;/questions/51821798/jsonconvert-deserializeobject-function-throws-errors-when-parse-the-obsolete-enu;2;0;0

Decrypt AES returned from a PHP script in a C# application;/questions/51811958/decrypt-aes-returned-from-a-php-script-in-a-c-sharp-application;30;1;1

One to one relation in django;/questions/51821722/one-to-one-relation-in-django;5;1;0

Scroll event on GTKAgg canvas and GTKScrolledWindow;/questions/51821793/scroll-event-on-gtkagg-canvas-and-gtkscrolledwindow;2;0;0

PHP URL ReWrites - .htaccess & MAMP;/questions/51821773/php-url-rewrites-htaccess-mamp;6;0;0

How will we call a function written in a separate file from a Cypress test?;/questions/51821789/how-will-we-call-a-function-written-in-a-separate-file-from-a-cypress-test;5;0;0

@EnableZuulProxy doesnot work due to `HttpServletRequest` class not found;/questions/51821786/enablezuulproxy-doesnot-work-due-to-httpservletrequest-class-not-found;3;0;0

Approve email message via exchange EWS API;/questions/43359295/approve-email-message-via-exchange-ews-api;185;2;5

Resolve org.springframework.data.mapping.PropertyReferenceException: No property getOne found for type MyLog;/questions/51821783/resolve-org-springframework-data-mapping-propertyreferenceexception-no-property;6;0;0

YQL statement issue, not able to access data;/questions/51821780/yql-statement-issue-not-able-to-access-data;3;0;0

PHP Fatal error: Class 'Stackable' not found;/questions/51821779/php-fatal-error-class-stackable-not-found;9;0;1

Error running “make” command in order to run darknet;/questions/51821775/error-running-make-command-in-order-to-run-darknet;4;0;0

Date histogram visualization. Where is real number coming from?;/questions/51821774/date-histogram-visualization-where-is-real-number-coming-from;2;0;0

Error runnig Angular app;/questions/51821675/error-runnig-angular-app;26;2;0

Close all dropdowns $root event;/questions/51821771/close-all-dropdowns-root-event;4;0;0

DataGridView, some doubles formatted as exponential;/questions/51820379/datagridview-some-doubles-formatted-as-exponential;10;1;0

Ckan harvester is not working on demo.ckan.org;/questions/51821767/ckan-harvester-is-not-working-on-demo-ckan-org;2;0;0

WMI - Getting Last Logon Time of PC;/questions/51821764/wmi-getting-last-logon-time-of-pc;3;0;0

remove undesirable code at webpack compilation;/questions/51821762/remove-undesirable-code-at-webpack-compilation;6;0;0

how to retrieve values for google trasnslator using python code;/questions/51821757/how-to-retrieve-values-for-google-trasnslator-using-python-code;6;0;0

Reload HTML page with XMLHTTPREQUEST when .txt file is edited;/questions/51821754/reload-html-page-with-xmlhttprequest-when-txt-file-is-edited;3;0;0

